SKU,Product,Variation,Shop Code,Supplier Code,Unit Cost (CNY),Qty,Shipping Alloc (CNY),Line Total (CNY),Nett Cost (AUD),needs_name
sticker-candy-clear,Sticker,"candy clear, 9*13cm, 10 sheets / pack",sh01,Z010944,1.4,2,1.06,3.86,0.411,0
washi-bunny-lucky,Washi,"bunny lucky, 3 rolls / pack",sh01,A002087,2.9,2,2.19,7.99,0.851,0
washi-clover-lucky,Washi,"clover lucky, 3 rolls / pack",sh01,A002086,2.9,2,2.19,7.99,0.851,0
washi-fair-isle-bunny-a,Washi,"fair isle bunny a, 3 rolls / box",sh01,A002074,3,2,2.27,8.27,0.881,0
washi-fair-isle-b-leopard,Washi,"fair isle b leopard, 3 rolls / box",sh01,A002077,3,2,2.27,8.27,0.881,0
washi-fair-isle-bunny-b,Washi,"fair isle bunny b, 3 rolls / box",sh01,A002075,3,2,2.27,8.27,0.881,0
washi-fair-isle-a-leopard,Washi,"fair isle a leopard, 3 rolls / box",sh01,A002076,3,2,2.27,8.27,0.881,0
washi-misty-blue-heart-b,Washi,"misty blue heart b, 2 rolls / pack",sh01,A002081,2,2,1.51,5.51,0.587,0
washi-misty-blue-heart-a,Washi,"misty blue heart a, 3 rolls / pack",sh01,A002080,2.9,2,2.19,7.99,0.851,0
sticker-time-memory,Sticker,time memory,sh01,LEPLLANSE-7804B,3.5,10,13.24,48.24,1.028,0
sticker-journal-material,Sticker,"journal material, C style 10 sheets 一 pack 不重复",sh01,Z0976,1.3,2,0.98,3.58,0.381,0
sticker-journal-material-2,Sticker,"journal material, A style 10 sheets 一 pack 不重复",sh01,Z0970,1.3,2,0.98,3.58,0.381,0
sticker-journal-material-3,Sticker,"journal material, B style 10 sheets 一 pack 不重复",sh01,Z0975,1.3,2,0.98,3.58,0.381,0
sticker-yellow-butterfly,Sticker,"yellow butterfly, 【300贴/宽1.9cm】",sh01,X55665,0.5,2,0.38,1.38,0.147,0
sticker-component-dark-ins,Sticker,"component dark ins, 9*12cm【包】, 10 sheets / pack",sh01,L134333,1.5,2,1.13,4.13,0.440,1
sticker-component-light-ins,Sticker,"component light ins, 9*12cm【包】, 10 sheets / pack",sh01,L134332,1.5,2,1.13,4.13,0.440,1
sticker-time-food-retro,Sticker,"time food retro, 9*12cm/30张",sh01,LEPLLANSE-7804A,3.9,10,14.75,53.75,1.145,0
sticker-sushi-retro,Sticker,"sushi retro, 【10张/包】9*12cm",sh01,Z010937,1.2,2,0.91,3.31,0.353,0
sticker-snack-retro,Sticker,"snack retro, 【10张/包】9*12cm",sh01,Z010935,1.2,2,0.91,3.31,0.353,0
sticker-lucky-retro,Sticker,"lucky retro, 【10张/包】9*12cm",sh01,Z010936,1.2,2,0.91,3.31,0.353,0
sticker-sushi-retro-2,Sticker,"sushi retro, 9*12cm, 10 sheets / pack",sh01,Z010937,1.2,2,0.91,3.31,0.353,0
tape-sewing-star,Tape,sewing star,sh02,35JD26050405,2.8,2,2.12,7.72,0.822,0
tape-lace-sweet,Tape,lace sweet,sh02,35JD26050403,2.8,2,2.12,7.72,0.822,0
tape-dot-denim,Tape,dot denim,sh02,35JD26050406,2.8,2,2.12,7.72,0.822,0
tape-strawberry-heart,Tape,strawberry heart,sh02,35JD26050401,2.8,2,2.12,7.72,0.822,0
tape-flower,Tape,flower,sh02,35JD26050402,2.8,2,2.12,7.72,0.822,0
tape-sh03-01,Tape,3.记忆岛屿,sh03,MG036-0965,4,1,1.51,5.51,1.174,1
tape-sakura,Tape,sakura,sh03,MG036-0963,4,1,1.51,5.51,1.174,0
tape-sh03-02,Tape,4.冬日时分,sh03,MG036-0966,4,1,1.51,5.51,1.174,1
tape-sh03-03,Tape,2.恰逢春日,sh03,MG036-0964,4,1,1.51,5.51,1.174,1
tape-coffee,Tape,coffee,sh03,ENA2501006,3,2,2.27,8.27,0.881,0
tape-sh03-04,Tape,校园小雨,sh03,ENA2501005,3,2,2.27,8.27,0.881,1
tape-sh03-05,Tape,秋收盛景,sh03,ENA2501004,3,2,2.27,8.27,0.881,1
tape-sh03-06,Tape,慵懒午睡,sh03,ENA2501001,3,2,2.27,8.27,0.881,1
tape-green,Tape,green,sh03,ENA2501002,3,1,1.13,4.13,0.880,0
tape-sh03-07,Tape,微醺樱野,sh03,ENA2501003,3,2,2.27,8.27,0.881,1
cup-sleeve-green-12-5-8,Cup Sleeve,green 12 5 8,sh04,ZK31,2,10,7.56,27.56,0.587,0
cup-sleeve-pink-3-12-5-8,Cup Sleeve,pink 3 12 5 8,sh04,ZK31,2,10,7.56,27.56,0.587,0
cup-sleeve-blue-3-12-5-8,Cup Sleeve,blue 3 12 5 8,sh04,ZK31,2,15,11.34,41.34,0.587,0
cup-sleeve-red-2-12-5-8,Cup Sleeve,red 2 12 5 8,sh04,ZK31,2,10,7.56,27.56,0.587,1
cup-sleeve-green-3-12-5-8,Cup Sleeve,green 3 12 5 8,sh04,ZK31,2,10,7.56,27.56,0.587,0
cup-sleeve-blue-2-12-5-8,Cup Sleeve,blue 2 12 5 8,sh04,ZK31,2,15,11.34,41.34,0.587,1
cup-sleeve-red-3-12-5-8,Cup Sleeve,red 3 12 5 8,sh04,ZK31,2,10,7.56,27.56,0.587,0
cup-sleeve-red-12-5-8,Cup Sleeve,red 12 5 8,sh04,ZK31,2,10,7.56,27.56,0.587,0
cup-sleeve-white-2-12-5-8,Cup Sleeve,white 2 12 5 8,sh04,ZK31,2,10,7.56,27.56,0.587,1
bag-blue-38-47-5-120,Bag,blue 38 47 5 120,sh05,nl3847,1.24,25,11.72,42.72,0.364,1
bag-blue-40-50-5-100,Bag,blue 40 50 5 100,sh05,nl4050,1.34,20,10.13,36.93,0.393,1
coin-purse-style,Coin Purse,"style, 湖 blue",sh06,小圆包-六色SO（珠链款）,2.89,27,29.51,107.54,0.848,1
clip-sh07-01,Clip,,sh07,A299-荷叶小库,0.71,2,0.54,1.96,0.209,1
clip-sh07-02,Clip,,sh07,A299-荷叶小帕,0.71,2,0.54,1.96,0.209,1
clip-sh07-03,Clip,,sh07,A299-荷叶小美,0.71,2,0.54,1.96,0.209,1
clip-sh07-04,Clip,,sh07,A299-荷叶小布,0.71,2,0.54,1.96,0.209,1
notebook-blue-heart-dog,Notebook,blue heart dog,sh07,蓝色爱心玉桂狗,0.83,5,1.57,5.72,0.244,0
notebook-green-heart-blue-dog,Notebook,green heart blue dog,sh07,蓝绿色爱心帕恰狗,0.83,5,1.57,5.72,0.244,0
notebook-purple-heart-a,Notebook,purple heart a,sh07,紫色爱心库洛米,0.83,5,1.57,5.72,0.244,0
notebook-heart-brown-dog,Notebook,heart brown dog,sh07,棕色爱心布丁狗,0.83,5,1.57,5.72,0.244,0
notebook-pink-heart,Notebook,pink heart,sh07,粉色爱心美乐蒂,0.83,5,1.57,5.72,0.244,0
notebook-pink-a,Notebook,pink a,sh07,A7粉色美乐蒂线圈本,0.83,5,1.57,5.72,0.244,0
notebook-blue-dog-a,Notebook,blue dog a,sh07,A7蓝色玉桂狗线圈本,0.83,5,1.57,5.72,0.244,0
notebook-purple-a,Notebook,purple a,sh07,A7紫色库洛米线圈本,0.83,5,1.57,5.72,0.244,0
notebook-brown-dog-a,Notebook,brown dog a,sh07,A7棕色 布丁狗线圈本,0.83,5,1.57,5.72,0.244,0
notebook-bear-brown-a,Notebook,bear brown a,sh07,A7棕色奶油小熊线圈本,0.83,3,0.94,3.43,0.244,0
notebook-green-dog-a,Notebook,green dog a,sh07,A7绿色帕恰狗线圈本,0.83,5,1.57,5.72,0.244,0
notebook-cat-strawberry-a,Notebook,cat strawberry a,sh07,A7青色草莓猫咪线圈本,0.83,3,0.94,3.43,0.244,0
sticker-sh08-01,Sticker,现代艺术建筑,sh08,SZ-742TZ01,7.2,10,27.23,99.23,2.114,1
sticker-bear,Sticker,bear,sh08,SZ-510TZ01,0.85,3,0.96,3.51,0.249,0
sticker-bunny-pink-red,Sticker,bunny pink red,sh08,SZ-510TZ02,0.85,3,0.96,3.51,0.249,0
sticker-style,Sticker,style,sh08,SZ-582TZ02,0.9,3,1.02,3.72,0.264,1
sticker-dog,Sticker,dog,sh08,SZ-510TZ04,0.85,3,0.96,3.51,0.249,0
sticker-sh08-02,Sticker,陈皮玫瑰茶壶,sh08,SZ-594TZ01,0.9,3,1.02,3.72,0.264,1
sticker-sh08-03,Sticker,巧克力甜品屋,sh08,SZ-594TZ02,0.9,3,1.02,3.72,0.264,1
sticker-style-2,Sticker,style,sh08,SZ-590TZ04,0.9,3,1.02,3.72,0.264,1
sticker-sh08-04,Sticker,莉莉魔法篇,sh08,SZ-511TZ01,0.85,2,0.64,2.34,0.249,1
sticker-bear-2,Sticker,bear,sh08,SZ-512TZ01,0.85,3,0.96,3.51,0.249,0
sticker-bear-3,Sticker,bear,sh08,SZ-590TZ03,0.9,3,1.02,3.72,0.264,0
sticker-bunny,Sticker,bunny,sh08,SZ-512TZ02,0.85,3,0.96,3.51,0.249,0
sticker-style-3,Sticker,style,sh08,SZ-590TZ01,0.9,3,1.02,3.72,0.264,1
sticker-bear-4,Sticker,bear,sh08,SZ-592TZ03,0.9,3,1.02,3.72,0.264,0
sticker-sh08-05,Sticker,软绵绵吐司屋,sh08,SZ-594TZ04,0.9,3,1.02,3.72,0.264,1
sticker-sh08-06,Sticker,牛油果沙拉,sh08,SZ-594TZ03,0.9,3,1.02,3.72,0.264,1
sticker-bunny-2,Sticker,bunny,sh08,SZ-511TZ03,0.85,3,0.96,3.51,0.249,0
sticker-a-b-c,Sticker,a b c,sh08,SZ-511TZ02,0.85,3,0.96,3.51,0.249,0
sticker-sh08-07,Sticker,cards 皮巴拉快餐店篇,sh08,SZ-510TZ03,0.85,3,0.96,3.51,0.249,1
sticker-girly,Sticker,girly,sh08,SZ-697TZ01,6.9,10,26.09,95.09,2.025,0
pen-style-601-36-0-7,Pen,style 601 36 0 7,sh09,601甜甜圈家族十色笔,1.7,36,23.14,84.34,0.499,1
pen-yellow-dog,Pen,yellow dog,sh09,2309黄色小狗刮刮乐盲盒,1.8,21,14.29,52.09,0.528,0
pen-dog,Pen,dog,sh09,2310小狗狗刮刮乐盲盒,1.8,21,14.29,52.09,0.528,0
pen-blue-dog,Pen,blue dog,sh09,2303蓝色小狗刮刮乐盲盒,1.8,21,14.29,52.09,0.528,0
pen-cute,Pen,cute,sh09,2301可爱家族刮刮乐盲盒,1.8,21,14.29,52.09,0.528,0
pen-sh09-01,Pen,十色笔 36 pcs /插 box 笔头: 子弹型0.7,sh09,9020蓝色小狗十色笔,1.7,36,23.14,84.34,0.499,1
sticker-black,Sticker,black,sh09,80009可爱家族贴片,0.65,48,11.80,43.00,0.191,0
sticker-black-2,Sticker,black,sh09,80013蓝色小狗贴片,0.65,48,11.80,43.00,0.191,0
card-sh09-01,Card,,sh09,7009可爱家族修正带,3.18,20,24.05,87.65,0.933,1
sticker-black-3,Sticker,black,sh09,80027可爱家族贴片,0.65,48,11.80,43.00,0.191,0
card-sh09-02,Card,,sh09,0864三丽鸥修正带,3.18,20,24.05,87.65,0.933,1
notebook-bunny-purple-black,Notebook,"bunny purple black, 皮面 pcs",sh10,1,8.5,2,6.43,23.43,2.495,1
notebook-dog-green-black,Notebook,"dog green black, 皮面 pcs",sh10,1,8.5,2,6.43,23.43,2.495,1
notebook-cat,Notebook,"cat, 皮面 pcs",sh10,1,8.5,2,6.43,23.43,2.495,1
notebook-dog-black,Notebook,"dog black, 皮面 pcs",sh10,1,8.5,2,6.43,23.43,2.495,1
notebook-cinnamoroll-pink-blue,Notebook,"cinnamoroll pink blue, 平摊 pcs",sh10,1,6.5,2,4.92,17.92,1.908,0
notebook-bunny,Notebook,"bunny, 平摊 pcs",sh10,1,6.5,4,9.83,35.83,1.908,0
notebook-bear,Notebook,"bear, 皮面 pcs",sh10,1,8.5,2,6.43,23.43,2.495,1
notebook-bunny-white,Notebook,"bunny white, a5平摊 pcs",sh10,1,6.5,4,9.83,35.83,1.908,1
notebook-dog-white,Notebook,"dog white, A5平摊 pcs",sh10,1,6.5,4,9.83,35.83,1.908,1
notebook-dog-black-2,Notebook,"dog black, A5平摊 pcs",sh10,1,6.5,2,4.92,17.92,1.908,1
notebook-cat-2,Notebook,"cat, A5平摊 pcs",sh10,1,6.5,4,9.83,35.83,1.908,1
clip-sh07-05,Clip,,sh07,A77小帕毛线,0.72,2,0.54,1.98,0.211,1
clip-sh07-06,Clip,,sh07,A77小玉毛线,0.72,2,0.54,1.98,0.211,1
clip-sh07-07,Clip,,sh07,A77小美毛线,0.72,2,0.54,1.98,0.211,1
clip-sh07-08,Clip,,sh07,A77小布毛线,0.72,2,0.54,1.98,0.211,1
clip-sh07-09,Clip,,sh07,A77小库毛线,0.72,2,0.54,1.98,0.211,1
clip-sh07-10,Clip,,sh07,A77小凯毛线,0.72,2,0.54,1.98,0.211,1
clip-sh07-11,Clip,,sh07,A79小库吃东西,0.72,2,0.54,1.98,0.211,1
clip-sh07-12,Clip,,sh07,A79小玉坐月亮,0.72,2,0.54,1.98,0.211,1
clip-sh07-13,Clip,,sh07,A79小凯抱熊,0.72,2,0.54,1.98,0.211,1
clip-sh07-14,Clip,,sh07,A79小布吃甜品,0.72,2,0.54,1.98,0.211,1
clip-sh07-15,Clip,,sh07,A79小帕玩球,0.72,2,0.54,1.98,0.211,1
clip-sh07-16,Clip,,sh07,A121杯子小玉,0.72,3,0.82,2.98,0.212,1
clip-sh07-17,Clip,,sh07,A121杯子小布,0.72,3,0.82,2.98,0.212,1
clip-sh07-18,Clip,,sh07,A121杯子小美,0.72,3,0.82,2.98,0.212,1
clip-sh07-19,Clip,,sh07,A121杯子小凯,0.72,3,0.82,2.98,0.212,1
clip-sh07-20,Clip,,sh07,A121杯子小帕,0.72,3,0.82,2.98,0.212,1
clip-sh07-21,Clip,,sh07,A121杯子小库,0.72,3,0.82,2.98,0.212,1
clip-sh07-22,Clip,,sh07,A129爆米花小凯,0.72,2,0.54,1.98,0.211,1
clip-sh07-23,Clip,,sh07,A129爆米花小布,0.72,2,0.54,1.98,0.211,1
clip-sh07-24,Clip,,sh07,A129爆米花小玉,0.72,2,0.54,1.98,0.211,1
clip-sh07-25,Clip,,sh07,A129爆米花小库,0.72,2,0.54,1.98,0.211,1
clip-sh07-26,Clip,,sh07,A129爆米花小帕,0.72,2,0.54,1.98,0.211,1
clip-sh07-27,Clip,,sh07,A129爆米花小美,0.72,2,0.54,1.98,0.211,1
clip-sh07-28,Clip,,sh07,A136送花小凯,0.72,2,0.54,1.98,0.211,1
clip-sh07-29,Clip,,sh07,A136送花小美,0.72,2,0.54,1.98,0.211,1
clip-sh07-30,Clip,,sh07,A136送花小布,0.72,2,0.54,1.98,0.211,1
clip-sh07-31,Clip,,sh07,A136送花小库,0.72,2,0.54,1.98,0.211,1
clip-sh07-32,Clip,,sh07,A136送花小帕,0.72,2,0.54,1.98,0.211,1
clip-sh07-33,Clip,,sh07,A136送花小玉,0.72,2,0.54,1.98,0.211,1
clip-sh07-34,Clip,,sh07,A162骑车小帕,0.72,2,0.54,1.98,0.211,1
clip-sh07-35,Clip,,sh07,A162骑车小玉,0.72,2,0.54,1.98,0.211,1
clip-sh07-36,Clip,,sh07,A162骑车小凯,0.72,2,0.54,1.98,0.211,1
clip-sh07-37,Clip,,sh07,A162骑车小美,0.72,2,0.54,1.98,0.211,1
clip-sh07-38,Clip,,sh07,A162骑车小布,0.72,2,0.54,1.98,0.211,1
clip-sh07-39,Clip,,sh07,A162骑车小库,0.72,2,0.54,1.98,0.211,1
clip-sh07-40,Clip,,sh07,A272喝牛奶小美,0.72,2,0.54,1.98,0.211,1
clip-sh07-41,Clip,,sh07,A272喝牛奶小帕,0.72,2,0.54,1.98,0.211,1
clip-sh07-42,Clip,,sh07,A272喝牛奶小库,0.72,2,0.54,1.98,0.211,1
clip-sh07-43,Clip,,sh07,A272喝牛奶小凯,0.72,2,0.54,1.98,0.211,1
clip-sh07-44,Clip,,sh07,A272喝牛奶小布,0.72,2,0.54,1.98,0.211,1
clip-sh07-45,Clip,,sh07,A272喝牛奶小玉,0.72,2,0.54,1.98,0.211,1
clip-sh07-46,Clip,,sh07,A274吐司靠枕小凯,0.72,3,0.82,2.98,0.212,1
clip-sh07-47,Clip,,sh07,A274蛋糕靠枕小玉,0.72,3,0.82,2.98,0.212,1
clip-sh07-48,Clip,,sh07,A274西瓜靠枕小库,0.72,3,0.82,2.98,0.212,1
clip-sh07-49,Clip,,sh07,A274牛油果靠枕小布,0.72,3,0.82,2.98,0.212,1
clip-sh07-50,Clip,,sh07,A274冰淇淋靠枕小帕,0.72,3,0.82,2.98,0.212,1
clip-sh07-51,Clip,,sh07,A274草莓靠枕小美,0.72,3,0.82,2.98,0.212,1
clip-sh07-52,Clip,,sh07,A274皇冠靠枕小凯,0.72,3,0.82,2.98,0.212,1
clip-sh07-53,Clip,,sh07,A299-荷叶小玉,0.71,2,0.54,1.96,0.209,1
clip-sh07-54,Clip,,sh07,A299-荷叶小凯,0.71,2,0.54,1.96,0.209,1
misc-pink-t16,Misc,"pink t16, 400*300*80mm",sh11,高品质飞机盒,4.16,15,23.60,86.00,1.221,0
misc-pink-t11,Misc,"pink t11, 360*240*80mm",sh11,高品质飞机盒,3.13,20,23.67,86.27,0.919,0
misc-butterfly-pink-style-50x70cm-10,Misc,butterfly pink style 50x70cm 10,sh12,,2.9,5,5.48,19.98,0.851,1
sticker-f-01-9x5-4cm-50,Sticker,f 01 9x5 4cm 50,sh13,飞机盒封口贴,1.9,1,0.72,2.62,0.558,1
cup-sleeve-white-12-5-8,Cup Sleeve,white 12 5 8,sh04,ZK31,2,100,75.63,275.63,0.587,0
keychain-cat-kt,Keychain,cat kt,sh14,W9928,3.9,3,4.42,16.12,1.145,1
keychain-melody,Keychain,melody,sh14,W9928,3.9,3,4.42,16.12,1.145,1
keychain-kuromi,Keychain,kuromi,sh14,W9928,3.9,3,4.42,16.12,1.145,1
keychain-cinnamoroll,Keychain,cinnamoroll,sh14,W9928,3.9,3,4.42,16.12,1.145,1
keychain-pompompurin,Keychain,pompompurin,sh14,W9928,3.9,3,4.42,16.12,1.145,1
keychain-purple,Keychain,purple,sh14,XT-216,2.52,2,1.91,6.95,0.740,0
keychain-white,Keychain,white,sh14,XT-216,2.52,2,1.91,6.95,0.740,0
keychain-yellow,Keychain,yellow,sh14,XT-216,2.52,2,1.91,6.95,0.740,0
keychain-pink,Keychain,pink,sh14,XT-216,2.52,2,1.91,6.95,0.740,0
stickynote-time-a,Stickynote,time a,sh15,K12645,1.2,2,0.91,3.31,0.353,0
stickynote-time-d,Stickynote,time d,sh15,K122651,1.2,2,0.91,3.31,0.353,0
stickynote-time-c,Stickynote,time c,sh15,K122652,1.2,2,0.91,3.31,0.353,0
stickynote-time-b,Stickynote,time b,sh15,K122646,1.2,2,0.91,3.31,0.353,0
stickynote-star-c-dog,Stickynote,"star c dog, 7.5*7.5cm/50 sheets / pack",sh15,01226,0.65,2,0.49,1.79,0.191,0
stickynote-star-d-dog,Stickynote,"star d dog, 7.5*7.5cm/50 sheets / pack",sh15,O1225,0.65,2,0.49,1.79,0.191,0
stickynote-star-a-dog,Stickynote,"star a dog, 7.5*7.5cm/50 sheets / pack",sh15,O1223,0.65,2,0.49,1.79,0.191,0
stickynote-star-b-dog,Stickynote,"star b dog, 7.5*7.5cm/50 sheets / pack",sh15,O1224,0.65,2,0.49,1.79,0.191,0
stickynote-cat,Stickynote,"cat, 7.5*7.5cm/50 sheets / pack",sh15,H40015,0.65,2,0.49,1.79,0.191,0
stickynote-a-cat,Stickynote,"a cat, 7.5*7.5cm/50 sheets / pack",sh15,H40011,0.65,2,0.49,1.79,0.191,0
stickynote-d-cat,Stickynote,"d cat, 7.5*7.5cm/50 sheets / pack",sh15,H40013,0.65,2,0.49,1.79,0.191,0
stickynote-bear-b,Stickynote,"bear b, 9.5*13cm/30 sheets / pack",sh15,K1226625,1.2,3,1.36,4.96,0.352,0
stickynote-bear-a,Stickynote,"bear a, 9.5*13cm/30 sheets / pack",sh15,K1226615,1.2,3,1.36,4.96,0.352,0
pen-a,Pen,"a, 4 pcs 一 set",sh15,C30198,0.99,4,1.50,5.46,0.291,0
pen-bear-yellow,Pen,"bear yellow, 一 pcs 随机四 pcs 一 set",sh15,w112105,0.8,4,1.21,4.41,0.235,0
pen-dog-a,Pen,"dog a, 一 pcs 随机四 pcs 一 set",sh15,W1121086,0.99,4,1.50,5.46,0.291,0
pen-cat-a,Pen,"cat a, 拍4 pcs 发一 set",sh15,w10310,0.99,4,1.50,5.46,0.291,0
pen-cat,Pen,"cat, 拍4 pcs 发一 set",sh15,w1121087,0.99,4,1.50,5.46,0.291,0
stickynote-c-dog,Stickynote,"c dog, 50 sheets / pack",sh15,H123159193,0.65,2,0.49,1.79,0.191,0
stickynote-b-dog,Stickynote,"b dog, 50 sheets / pack",sh15,H123159191,0.65,2,0.49,1.79,0.191,0
stickynote-d-dog,Stickynote,"d dog, 50 sheets / pack",sh15,H123159192,0.65,2,0.49,1.79,0.191,0
stickynote-a-dog,Stickynote,"a dog, 50 sheets / pack",sh15,H123159190,0.65,2,0.49,1.79,0.191,0
stickynote-b,Stickynote,"b, 50 sheets / pack",sh15,xz339,0.6,3,0.68,2.48,0.176,0
stickynote-c,Stickynote,"c, 50 sheets / pack",sh15,xz341,0.6,3,0.68,2.48,0.176,0
stickynote-d,Stickynote,"d, 50 sheets / pack",sh15,xz340,0.6,3,0.68,2.48,0.176,0
stickynote-a,Stickynote,"a, 50 sheets / pack",sh15,xz338,0.6,3,0.68,2.48,0.176,0
keychain-cat-purple-kt,Keychain,cat purple kt,sh14,JS9852,2.62,3,2.97,10.83,0.769,1
keychain-cat-blue-kt,Keychain,cat blue kt,sh14,JS9852,2.62,3,2.97,10.83,0.769,1
keychain-cat-pink-kt,Keychain,cat pink kt,sh14,JS9852,2.62,3,2.97,10.83,0.769,1
keychain-green,Keychain,green,sh14,JIN_698,3.5,2,2.65,9.65,1.028,1
keychain-white-2,Keychain,white,sh14,JIN_698,3.5,2,2.65,9.65,1.028,1
keychain-pink-2,Keychain,pink,sh14,JIN_698,3.5,2,2.65,9.65,1.028,1
keychain-blue,Keychain,blue,sh14,JIN_698,3.5,2,2.65,9.65,1.028,1
keychain-yellow-2,Keychain,yellow,sh14,js752,3.9,2,2.95,10.75,1.145,0
keychain-blue-2,Keychain,blue,sh14,js752,3.9,2,2.95,10.75,1.145,0
keychain-white-3,Keychain,white,sh14,js752,3.9,2,2.95,10.75,1.145,0
keychain-pink-3,Keychain,pink,sh14,js752,3.9,2,2.95,10.75,1.145,0
keychain-purple-2,Keychain,purple,sh14,js752,3.9,2,2.95,10.75,1.145,0
plush-strawberry,Plush,strawberry,sh16,BD680A,7.2,2,5.45,19.85,2.114,0
pencil-case-pink-brown,Pencil Case,pink brown,sh16,BD032A樱桃蛋糕笔袋,7.2,2,5.45,19.85,2.114,0
pencil-case-bow-black,Pencil Case,bow black,sh16,BD032C,7.2,2,5.45,19.85,2.114,0
pencil-case-sh16-01,Pencil Case,薄巧樱桃笔袋,sh16,BD032D,7.2,2,5.45,19.85,2.114,1
pencil-case-white-pink,Pencil Case,white pink,sh16,BD032B,7.2,2,5.45,19.85,2.114,0
pencil-case-bear-cat,Pencil Case,bear cat,sh16,BD007A小熊KT猫竖笔袋,6.6,2,4.99,18.19,1.937,0
plush-black-cat,Plush,black cat,sh16,BD014C印花KT笔袋,5,2,3.78,13.78,1.468,0
plush-coffee-cat,Plush,coffee cat,sh16,BD014B印花KT笔袋,5,2,3.78,13.78,1.468,0
pencil-case-dot-bunny,Pencil Case,dot bunny,sh16,BD211A,2.7,2,2.04,7.44,0.792,0
plush-bunny,Plush,bunny,sh16,BD632A,4.6,20,34.79,126.79,1.350,0
plush-blue-food,Plush,blue food,sh17,GJ769-01,3,2,2.27,8.27,0.881,0
plush-yellow-sh17,Plush,yellow,sh17,GJ769-02,3,2,2.27,8.27,0.881,0
keychain-white-dog,Keychain,white dog,sh17,GJ890-01,2.2,3,2.50,9.10,0.646,0
keychain-dot,Keychain,dot,sh17,GJ890-02,2.2,3,2.50,9.10,0.646,0
keychain-flower,Keychain,flower,sh17,GJ890-03,2.2,3,2.50,9.10,0.646,0
keychain-bear,Keychain,bear,sh17,GJ603-05,4.8,2,3.63,13.23,1.409,0
keychain-bear-2,Keychain,bear,sh17,GJ603-04,4.2,2,3.18,11.58,1.233,0
keychain-bear-3,Keychain,bear,sh17,GJ603-02,3.5,2,2.65,9.65,1.028,0
hair-clip-cute-dot,Hair Clip,cute dot,sh17,FJ1797-06,2.2,2,1.66,6.06,0.645,0
hair-clip-bear,Hair Clip,bear,sh17,FJ1967-02,2.4,2,1.82,6.62,0.705,0
hair-clip-dog,Hair Clip,dog,sh17,FJ1967-01,2.4,2,1.82,6.62,0.705,0
hair-clip-cute,Hair Clip,cute,sh17,FJ1797-05,2.2,2,1.66,6.06,0.645,0
hair-clip-bow-cat,Hair Clip,bow cat,sh17,FJ1967-03,2.4,2,1.82,6.62,0.705,0
hair-clip-bow-pink,Hair Clip,bow pink,sh17,FJ1686-06,1.4,2,1.06,3.86,0.411,0
hair-clip-sh17-01,Hair Clip,2#凹凸椭圆发夹,sh17,FJ1555-02,1.2,2,0.91,3.31,0.353,1
hair-clip-bow,Hair Clip,bow,sh17,FJ1555-01,1.2,2,0.91,3.31,0.353,0
hair-clip-bow-2,Hair Clip,bow,sh17,FJ1732-06,2,2,1.51,5.51,0.587,0
hair-clip-pink,Hair Clip,pink,sh17,FJ1686-04,1.4,2,1.06,3.86,0.411,0
hair-clip-sh17-02,Hair Clip,5#水滴纽扣发夹 set 装,sh17,FJ1732-05,1.8,2,1.36,4.96,0.528,1
hair-clip-bow-dot,Hair Clip,bow dot,sh17,FJ1732-04,1.5,2,1.13,4.13,0.440,0
hair-clip-dot,Hair Clip,dot,sh17,FJ1732-02,1.5,2,1.13,4.13,0.440,0
hair-clip-bunny,Hair Clip,bunny,sh17,FJ1657-05,1.8,2,1.36,4.96,0.528,0
hair-clip-dog-2,Hair Clip,dog,sh17,FJ1754-03,2,2,1.51,5.51,0.587,0
hair-clip-dog-3,Hair Clip,dog,sh17,FJ1657-06,2,2,1.51,5.51,0.587,0
hair-clip-dog-4,Hair Clip,dog,sh17,FJ1754-01,2,2,1.51,5.51,0.587,0
hair-clip-dog-5,Hair Clip,dog,sh17,FJ1722-01,2.2,2,1.66,6.06,0.645,0
hair-clip-blue,Hair Clip,blue,sh17,FJ1722-04,2.2,2,1.66,6.06,0.645,0
hair-clip-dog-6,Hair Clip,dog,sh17,FJ1754-04,2,2,1.51,5.51,0.587,0
hair-clip-dog-7,Hair Clip,dog,sh17,FJ1657-02,2,2,1.51,5.51,0.587,0
hair-clip-bow-bunny,Hair Clip,bow bunny,sh17,FJ1722-03,2.2,2,1.66,6.06,0.645,0
hair-clip-dog-8,Hair Clip,dog,sh17,FJ1722-02,2.2,2,1.66,6.06,0.645,0
hair-clip-dog-9,Hair Clip,dog,sh17,FJ1754-02,2,2,1.51,5.51,0.587,0
hair-clip-purple-yellow,Hair Clip,purple yellow,sh17,FJ1792-01,1.7,5,3.21,11.71,0.499,0
hair-clip-blue-2,Hair Clip,blue,sh17,FJ2046-03,1.9,5,3.59,13.09,0.558,0
hair-clip-blue-pink,Hair Clip,blue pink,sh17,FJ1792-02,1.7,5,3.21,11.71,0.499,0
keychain-blue-bunny,Keychain,blue bunny,sh17,GJ906-03,3.7,2,2.80,10.20,1.086,0
keychain-purple-bunny-white,Keychain,purple bunny white,sh17,GJ654-04,3.5,2,2.65,9.65,1.028,0
keychain-green-bunny,Keychain,green bunny,sh17,GJ906-02,3.7,2,2.80,10.20,1.086,0
keychain-white-bunny,Keychain,white bunny,sh17,GJ654-01,3.5,2,2.65,9.65,1.028,0
keychain-black-cat,Keychain,black cat,sh17,GJ696-02,4,2,3.03,11.03,1.175,0
keychain-black-bunny,Keychain,black bunny,sh17,GJ654-02,3.5,2,2.65,9.65,1.028,0
keychain-white-cat,Keychain,white cat,sh17,GJ696-01,4,2,3.03,11.03,1.175,0
keychain-cat,Keychain,cat,sh17,GJ356-02,3.7,2,2.80,10.20,1.086,0
keychain-pink-bunny,Keychain,pink bunny,sh17,GJ906-01,3.7,2,2.80,10.20,1.086,0
keychain-bunny,Keychain,bunny,sh17,GJ356-01,3.7,2,2.80,10.20,1.086,0
hair-clip-red-bunny,Hair Clip,red bunny,sh17,FJ1876-01,1,5,1.89,6.89,0.294,0
hair-clip-black-bunny,Hair Clip,black bunny,sh17,FJ1876-04,1,5,1.89,6.89,0.294,0
hair-clip-blue-bunny,Hair Clip,blue bunny,sh17,FJ1876-02,1,5,1.89,6.89,0.294,0
hair-clip-pink-bunny,Hair Clip,pink bunny,sh17,FJ1876-03,1,5,1.89,6.89,0.294,0
keychain-white-cat-2,Keychain,white cat,sh17,GJ304-03,2,2,1.51,5.51,0.587,0
keychain-blue-bear,Keychain,blue bear,sh17,GJ304-02,2,2,1.51,5.51,0.587,0
keychain-bow,Keychain,bow,sh17,GJ311-01,2.3,2,1.74,6.34,0.675,0
keychain-sh17-01,Keychain,2#小帕头 set cards 通公仔挂件,sh17,GJ311-02,2.3,2,1.74,6.34,0.675,1
keychain-bow-2,Keychain,bow,sh17,GJ311-04,2.5,2,1.89,6.89,0.734,0
keychain-bunny-2,Keychain,bunny,sh17,GJ311-03,2.5,2,1.89,6.89,0.734,0
keychain-pink-bunny-2,Keychain,pink bunny,sh17,GJ304-04,2,2,1.51,5.51,0.587,0
keychain-cat-2,Keychain,cat,sh17,GJ304-01,2,2,1.51,5.51,0.587,0
scrunchie-cute-cat,Scrunchie,cute cat,sh17,FQ1414-01,1.7,2,1.29,4.69,0.499,0
scrunchie-bow-pink-dot,Scrunchie,bow pink dot,sh17,FQ1756-02,2.4,2,1.82,6.62,0.705,0
scrunchie-bow-blue-dot,Scrunchie,bow blue dot,sh17,FQ1756-01,2.4,2,1.82,6.62,0.705,0
scrunchie-pink,Scrunchie,pink,sh17,FQ1414-03,1.9,2,1.44,5.24,0.558,0
scrunchie-bow-dot,Scrunchie,bow dot,sh17,FQ1414-06,2.3,2,1.74,6.34,0.675,0
scrunchie-bow-pink,Scrunchie,bow pink,sh17,FQ1414-04,1.9,2,1.44,5.24,0.558,0
scrunchie-blue-cat,Scrunchie,blue cat,sh17,FQ1414-02,1.7,2,1.29,4.69,0.499,0
scrunchie-blue-stripe,Scrunchie,blue stripe,sh17,FQ1414-05,2.3,4,3.48,12.68,0.675,0
scrunchie-blue-bunny-cute-flower,Scrunchie,blue bunny cute flower,sh17,FQ1414-07,3.1,2,2.34,8.54,0.910,0
scrunchie-red-bear-flower,Scrunchie,red bear flower,sh17,FQ1414-08,3.1,2,2.34,8.54,0.910,0
charm-blue-dog,Charm,"blue dog, 14*13.5cm",sh17,SH1401-01,3.5,2,2.65,9.65,1.028,0
charm-purple,Charm,"purple, 14*13.5cm",sh17,SH1401-04,3.5,2,2.65,9.65,1.028,0
charm-green-white,Charm,"green white, 14*13.5cm",sh17,SH1401-05,3.5,2,2.65,9.65,1.028,0
scrunchie-blue-flower,Scrunchie,blue flower,sh17,FQ1532-03,3.2,2,2.42,8.82,0.939,0
scrunchie-pink-dog,Scrunchie,pink dog,sh17,FQ1714-04,3.7,2,2.80,10.20,1.086,0
scrunchie-pink-bear,Scrunchie,pink bear,sh17,FQ1714-01,3.7,2,2.80,10.20,1.086,0
scrunchie-bow-blue,Scrunchie,bow blue,sh17,FQ1731-07,3.5,2,2.65,9.65,1.028,0
scrunchie-pink-flower,Scrunchie,pink flower,sh17,FQ1532-04,3.2,2,2.42,8.82,0.939,0
scrunchie-blue-bear,Scrunchie,blue bear,sh17,FQ1713-05,3.7,2,2.80,10.20,1.086,0
scrunchie-bow-pink-2,Scrunchie,bow pink,sh17,FQ1731-05,3.5,2,2.65,9.65,1.028,0
scrunchie-blue-dot-dog,Scrunchie,blue dot dog,sh17,FQ1713-04,3.7,2,2.80,10.20,1.086,0
scrunchie-pink-dot,Scrunchie,pink dot,sh17,FQ1714-03,3.7,2,2.80,10.20,1.086,0
scrunchie-bow-blue-2,Scrunchie,bow blue,sh17,FQ1532-01,3.2,2,2.42,8.82,0.939,0
scrunchie-red,Scrunchie,red,sh17,FQ1588-02,3.2,2,2.42,8.82,0.939,0
scrunchie-bow-pink-3,Scrunchie,bow pink,sh17,FQ1532-02,3.2,2,2.42,8.82,0.939,0
scrunchie-bow-red,Scrunchie,bow red,sh17,FQ1588-04,3.2,2,2.42,8.82,0.939,0
scrunchie-red-2,Scrunchie,red,sh17,FQ1588-03,3.2,2,2.42,8.82,0.939,0
scrunchie-red-3,Scrunchie,red,sh17,FQ1588-01,3.2,2,2.42,8.82,0.939,0
notebook-e15,Notebook,e15,sh07,E15小美头小帕便签,0.65,2,0.49,1.79,0.191,1
notebook-e15-2,Notebook,e15,sh07,E15丑鱼头小帕便签,0.65,2,0.49,1.79,0.191,1
notebook-star,Notebook,star,sh07,E15星星小帕便签,0.65,2,0.49,1.79,0.191,0
notebook-e15-3,Notebook,e15,sh07,E15小库头小帕便签,0.65,2,0.49,1.79,0.191,1
notebook-e15-4,Notebook,e15,sh07,E15小玉头小帕便签,0.65,2,0.49,1.79,0.191,1
notebook-e15-5,Notebook,e15,sh07,E15小布头小帕便签,0.65,2,0.49,1.79,0.191,1
notebook-e16,Notebook,e16,sh07,E16睡衣小库便签,0.65,2,0.49,1.79,0.191,1
notebook-e16-2,Notebook,e16,sh07,E16睡衣小布便签,0.65,2,0.49,1.79,0.191,1
notebook-e16-3,Notebook,e16,sh07,E16睡衣小凯便签,0.65,2,0.49,1.79,0.191,1
notebook-e16-4,Notebook,e16,sh07,E16睡衣小丑鱼便签,0.65,2,0.49,1.79,0.191,1
notebook-e16-5,Notebook,e16,sh07,E16睡衣小玉便签,0.65,2,0.49,1.79,0.191,1
notebook-e16-6,Notebook,e16,sh07,E16睡衣小帕便签,0.65,2,0.49,1.79,0.191,1
notebook-e16-7,Notebook,e16,sh07,E16睡衣小美便签,0.65,2,0.49,1.79,0.191,1
bag-cat-kt-1-10,Bag,"cat kt 1 10, 32x38",sh18,,4.5,2,3.40,12.40,1.321,1
bag-cat-kt-6-10,Bag,"cat kt 6 10, 32x38",sh18,,4.5,2,3.40,12.40,1.321,1
bag-cinnamoroll-6,Bag,cinnamoroll 6,sh18,,4.5,4,6.81,24.81,1.321,1
bag-cinnamoroll-9,Bag,cinnamoroll 9,sh18,,4.5,4,6.81,24.81,1.321,1
bag-cinnamoroll-2,Bag,cinnamoroll 2,sh18,,4.5,4,6.81,24.81,1.321,1
bag-cinnamoroll-8,Bag,cinnamoroll 8,sh18,,4.5,4,6.81,24.81,1.321,1
bag-melody,Bag,melody,sh18,,4.5,2,3.40,12.40,1.321,1
bag-melody-2,Bag,melody,sh18,,4.5,2,3.40,12.40,1.321,1
bag-melody-yellow,Bag,melody yellow,sh18,,4.5,2,3.40,12.40,1.321,1
bag-cinnamoroll-9-2,Bag,cinnamoroll 9,sh18,,4.5,2,3.40,12.40,1.321,1
bag-cinnamoroll-12,Bag,cinnamoroll 12,sh18,,4.5,2,3.40,12.40,1.321,1
bag-cinnamoroll-10,Bag,cinnamoroll 10,sh18,,4.5,2,3.40,12.40,1.321,1
bag-cinnamoroll-4,Bag,cinnamoroll 4,sh18,,4.5,2,3.40,12.40,1.321,1
bag-cinnamoroll-8-2,Bag,cinnamoroll 8,sh18,,4.5,2,3.40,12.40,1.321,1
bag-pochacco-happy-dog,Bag,"pochacco happy dog, 32x38cm",sh18,01,4.5,2,3.40,12.40,1.321,1
bag-pochacco-green,Bag,"pochacco green, 32x38cm",sh18,01,4.5,2,3.40,12.40,1.321,1
bag-pochacco,Bag,"pochacco, 32x38cm",sh18,01,4.5,2,3.40,12.40,1.321,1
bag-pochacco-2,Bag,"pochacco, 32x38cm",sh18,01,4.5,2,3.40,12.40,1.321,1
bag-pochacco-3,Bag,"pochacco, 32x38cm",sh18,01,4.5,2,3.40,12.40,1.321,1
bag-dog-10,Bag,"dog 10, 32x38",sh18,,4.5,2,3.40,12.40,1.321,1
bag-sh18-01,Bag,"三 pcs 小库;单面图案无拉链;10安涤棉帆布, 32x38",sh18,,4.5,2,3.40,12.40,1.321,1
bag-dog-10-2,Bag,"dog 10, 32x38",sh18,,4.5,2,3.40,12.40,1.321,1
bag-pochacco-4-33x38-10,Bag,"pochacco 4 33x38 10, 单面图案无拉链",sh18,,4.5,2,3.40,12.40,1.321,1
bag-pochacco-14-33x38-10,Bag,"pochacco 14 33x38 10, 单面图案无拉链",sh18,,4.5,2,3.40,12.40,1.321,1
toy-cat,Toy,cat,sh19,小猫日记,38,20,287.39,1047.39,11.155,1
sticker-sh20-01,Sticker,ZZ02+材料包+工具包 规格: 塑料相框（18*18cm）,sh20,A005,2.75,2,2.08,7.58,0.807,1
sticker-sh20-02,Sticker,A039+材料包+工具包 规格: 塑料相框（18*18cm）,sh20,A005,2.75,2,2.08,7.58,0.807,1
sticker-sh20-03,Sticker,A49+材料包+工具包 规格: 塑料相框（18*18cm）,sh20,A005,2.75,2,2.08,7.58,0.807,1
sticker-sh20-04,Sticker,ZZ06+材料包+工具包 规格: 塑料相框（18*18cm）,sh20,A005,2.75,2,2.08,7.58,0.807,1
sticker-sh20-05,Sticker,A045+材料包+工具包 规格: 塑料相框（18*18cm）,sh20,A005,2.75,2,2.08,7.58,0.807,1
sticker-sh20-06,Sticker,A011+材料包+工具包 规格: 塑料相框（18*18cm）,sh20,A005,2.75,2,2.08,7.58,0.807,1
sticker-sh20-07,Sticker,ZZ03+材料包+工具包 规格: 塑料相框（18*18cm）,sh20,B22,2.75,2,2.08,7.58,0.807,1
sticker-sh20-08,Sticker,Z18+材料包+工具包 规格: 塑料相框（18*18cm）,sh20,A005,2.75,2,2.08,7.58,0.807,1
sticker-sh20-09,Sticker,A021+材料包+工具包 规格: 塑料相框（18*18cm）,sh20,A005,2.75,2,2.08,7.58,0.807,1
sticker-sh20-10,Sticker,Z34+材料包+工具包 规格: 塑料相框（18*18cm）,sh20,A005,2.75,2,2.08,7.58,0.807,1
sticker-sh20-11,Sticker,A25+材料包+工具包 规格: 塑料相框（18*18cm）,sh20,A005,2.75,2,2.08,7.58,0.807,1
sticker-sh20-12,Sticker,Z26+材料包+工具包 规格: 塑料相框（18*18cm）,sh20,A005,2.75,2,2.08,7.58,0.807,1
sticker-sh20-13,Sticker,Z27+材料包+工具包 规格: 塑料相框（18*18cm）,sh20,A005,2.75,2,2.08,7.58,0.807,1
sticker-sh20-14,Sticker,ZZ01+材料包+工具包 规格: 塑料相框（18*18cm）,sh20,A005,2.75,2,2.08,7.58,0.807,1
sticker-sh20-15,Sticker,B19+材料包+工具包 规格: 塑料相框（18*18cm）,sh20,A005,3.58,2,2.71,9.87,1.051,1
sticker-sh20-16,Sticker,S05+材料包+工具包 规格: 塑料相框（18*18cm）,sh20,A005,3.58,2,2.71,9.87,1.051,1
sticker-sh20-17,Sticker,Z30+材料包+工具包 规格: 塑料相框（18*18cm）,sh20,A005,2.75,2,2.08,7.58,0.807,1
sticker-sh20-18,Sticker,A27+材料包+工具包 规格: 塑料相框（18*18cm）,sh20,A005,2.75,2,2.08,7.58,0.807,1
sticker-sh20-19,Sticker,Z24+材料包+工具包 规格: 塑料相框（18*18cm）,sh20,A005,2.75,2,2.08,7.58,0.807,1
sticker-sh20-20,Sticker,A33+材料包+工具包 规格: 塑料相框（18*18cm）,sh20,A005,2.75,2,2.08,7.58,0.807,1
sticker-sh20-21,Sticker,ZZ05+材料包+工具包 规格: 塑料相框（18*18cm）,sh20,A005,2.75,2,2.08,7.58,0.807,1
sticker-sh20-22,Sticker,A022+材料包+工具包 规格: 塑料相框（18*18cm）,sh20,A005,2.75,2,2.08,7.58,0.807,1
sticker-sh20-23,Sticker,A019+材料包+工具包 规格: 塑料相框（18*18cm）,sh20,A005,2.75,2,2.08,7.58,0.807,1
sticker-sh20-24,Sticker,ZZ04+材料包+工具包 规格: 塑料相框（18*18cm）,sh20,A005,2.75,2,2.08,7.58,0.807,1
sticker-sh20-25,Sticker,B17+材料包+工具包 规格: 塑料相框（18*18cm）,sh20,A005,3.58,2,2.71,9.87,1.051,1
sticker-sh20-26,Sticker,Z19+材料包+工具包 规格: 塑料相框（18*18cm）,sh20,A005,2.75,2,2.08,7.58,0.807,1
sticker-sh20-27,Sticker,A06+材料包+工具包 规格: 塑料相框（18*18cm）,sh20,A005,2.75,2,2.08,7.58,0.807,1
sticker-sh20-28,Sticker,A042+材料包+工具包 规格: 塑料相框（18*18cm）,sh20,A005,2.75,2,2.08,7.58,0.807,1
sticker-sh20-29,Sticker,A03+材料包+工具包 规格: 塑料相框（18*18cm）,sh20,A005,2.75,2,2.08,7.58,0.807,1
sticker-sh20-30,Sticker,A62+材料包+工具包 规格: 塑料相框（18*18cm）,sh20,A005,2.75,2,2.08,7.58,0.807,1
toy-sh21-01,Toy,7225雏菊盆栽,sh21,7219-7230,4.1,4,6.20,22.60,1.203,1
toy-sh21-02,Toy,7230康乃馨盆栽,sh21,7219-7230,4.1,4,6.20,22.60,1.203,1
toy-sh21-03,Toy,7228兰花盆栽,sh21,7219-7230,4.1,4,6.20,22.60,1.203,1
toy-sh21-04,Toy,7226芍药盆栽,sh21,7219-7230,4.1,4,6.20,22.60,1.203,1
toy-m3216,Toy,m3216,sh21,M3215-3221,3.05,4,4.61,16.81,0.895,1
toy-m3219,Toy,m3219,sh21,M3215-3221,3.05,4,4.61,16.81,0.895,1
toy-candy-m3215,Toy,candy m3215,sh21,M3215-3221,3.05,4,4.61,16.81,0.895,0
toy-m3217,Toy,m3217,sh21,M3215-3221,3.05,4,4.61,16.81,0.895,1
toy-m3220,Toy,m3220,sh21,M3215-3221,3.05,4,4.61,16.81,0.895,0
card-mz-294,Card,mz 294,sh21,MZ244-297,5.2,4,7.87,28.67,1.527,1
card-dog-mz-295,Card,dog mz 295,sh21,MZ244-297,5.2,4,7.87,28.67,1.527,1
card-dog-mz-297,Card,dog mz 297,sh21,MZ244-297,5.2,4,7.87,28.67,1.527,1
card-bear-mz-292,Card,bear mz 292,sh21,MZ244-297,5.2,4,7.87,28.67,1.527,1
card-mz-296,Card,mz 296,sh21,MZ244-297,5.2,4,7.87,28.67,1.527,1
card-mz-293k,Card,mz 293k,sh21,MZ244-297,5.2,4,7.87,28.67,1.527,1
toy-bear-k467,Toy,bear k467,sh21,k466-471,2,4,3.03,11.03,0.587,1
toy-k466,Toy,k466,sh21,k466-471,2,4,3.03,11.03,0.587,1
toy-k468,Toy,k468,sh21,k466-471,2,4,3.03,11.03,0.587,1
toy-k471,Toy,k471,sh21,k466-471,2,4,3.03,11.03,0.587,1
toy-k469,Toy,k469,sh21,k466-471,2,4,3.03,11.03,0.587,1
toy-k470,Toy,k470,sh21,k466-471,2,4,3.03,11.03,0.587,1
pen-dot-heart-bunny,Pen,"dot heart bunny, 30 sheets / pcs",sh22,BDKLXKXSMFTB5BJB,3.2,3,3.63,13.23,0.939,0
pen-bunny,Pen,"bunny, 30 sheets / pcs",sh22,BQYYKXSMFTB5BJB,3.2,3,3.63,13.23,0.939,0
pen-fair-isle-pink-bunny,Pen,"fair isle pink bunny, 30 sheets / pcs",sh22,FSFEDKXSMFTB5BJB,3.2,3,3.63,13.23,0.939,0
pen-bunny-2,Pen,"bunny, 30 sheets / pcs",sh22,TSDGMFTB5BJB,3.2,3,3.63,13.23,0.939,0
pen-bunny-3,Pen,"bunny, 30 sheets / pcs",sh22,JTBLMFTB5BJB,3.2,3,3.63,13.23,0.939,0
pen-blue-rainbow-bunny-b,Pen,"blue rainbow bunny b, 80 sheets / pcs",sh22,LSYYMFTCHPMBJB,6,2,4.54,16.54,1.762,0
pen-blue-rainbow-bunny-b-2,Pen,"blue rainbow bunny b, 80 sheets / pcs",sh22,LSPGMFTCHPMBJB,6,2,4.54,16.54,1.762,0
pen-rainbow,Pen,"rainbow, 30 sheets / pcs",sh22,SCKLMBJB,3.2,5,6.05,22.05,0.939,0
pen-rainbow-dog,Pen,"rainbow dog, 30 sheets / pcs",sh22,SCYGGBJB,3.2,5,6.05,22.05,0.939,0
pen-rainbow-2,Pen,"rainbow, 30 sheets / pcs",sh22,SCMLDBJB,3.2,5,6.05,22.05,0.939,0
pen-rainbow-cat,Pen,"rainbow cat, 30 sheets / pcs",sh22,SCKDMBJB,3.2,5,6.05,22.05,0.939,0
pen-rainbow-dog-2,Pen,"rainbow dog, 30 sheets / pcs",sh22,SCPQGBJB,3.2,5,6.05,22.05,0.939,0
pen-rainbow-dog-3,Pen,"rainbow dog, 30 sheets / pcs",sh22,SCBDGBJB,3.2,5,6.05,22.05,0.939,0
pen-blue-dot-rainbow-bunny-b,Pen,"blue dot rainbow bunny b, 80 sheets / pcs",sh22,BDYYMFTQCPMBJB,6,2,4.54,16.54,1.762,0
pen-bunny-4,Pen,"bunny, 30 sheets / pcs",sh22,PTMFTB5BJB,3.2,5,6.05,22.05,0.939,0
pen-star-bunny,Pen,"star bunny, 30 sheets / pcs",sh22,XXMFTB5BJB,3.2,5,6.05,22.05,0.939,0
pen-bunny-5,Pen,"bunny, 30 sheets / pcs",sh22,YTMFTB5BJB,3.2,5,6.05,22.05,0.939,0
pen-bunny-6,Pen,"bunny, 30 sheets / pcs",sh22,YYMFTB5BJB,3.2,5,6.05,22.05,0.939,0
pen-bear,Pen,"bear, 30 sheets / pcs",sh22,MTQSXB5BJB,3.2,3,3.63,13.23,0.939,0
pen-bear-2,Pen,"bear, 30 sheets / pcs",sh22,SYQSXB5BJB,3.2,3,3.63,13.23,0.939,0
sticker-rainbow-bunny-b,Sticker,"rainbow bunny b, 80 sheets / pcs",sh22,PTMFTQCPMBJB,6,2,4.54,16.54,1.762,0
pen-heart-bunny,Pen,"heart bunny, 30 sheets / pcs",sh22,B5KLXMFTBJB,3.2,5,6.05,22.05,0.939,0
pen-bunny-7,Pen,"bunny, 30 sheets / pcs",sh22,B5QTYMFTBJB,3.2,5,6.05,22.05,0.939,0
pen-bunny-8,Pen,"bunny, 30 sheets / pcs",sh22,B5TPSMFTBJB,3.2,5,6.05,22.05,0.939,0
pen-bunny-9,Pen,"bunny, 30 sheets / pcs",sh22,JSMFTB5BJB,3.2,3,3.63,13.23,0.939,0
pen-pink-strawberry-bear,Pen,"pink strawberry bear, 30 sheets / pcs",sh22,FSCMQSXB5BJB,3.2,3,3.63,13.23,0.939,0
pen-yellow-bear,Pen,"yellow bear, 30 sheets / pcs",sh22,HSBDQSXB5BJB,3.2,3,3.63,13.23,0.939,0
pen-green-bear,Pen,"green bear, 30 sheets / pcs",sh22,LSBZQSXB5BJB,3.2,3,3.63,13.23,0.939,0
pen-bear-3,Pen,"bear, 30 sheets / pcs",sh22,XJBLQSXB5BJB,3.2,3,3.63,13.23,0.939,0
bag-blue,Bag,blue,sh23,SQ21-lan,6.6,2,4.99,18.19,1.937,0
pouch-blue,Pouch,blue,sh23,SQ25-lan,4.9,2,3.71,13.51,1.439,0
pouch-green,Pouch,green,sh23,SQ25-lv,4.9,2,3.71,13.51,1.439,0
pouch-pink,Pouch,pink,sh23,SQ25-fen,4.9,2,3.71,13.51,1.439,0
plush-blue-leopard,Plush,blue leopard,sh23,GX27-lan,6.6,2,4.99,18.19,1.937,0
plush-pink-brown-leopard,Plush,pink brown leopard,sh23,GX27-qian,6.6,2,4.99,18.19,1.937,0
plush-black-brown-leopard,Plush,black brown leopard,sh23,GX27-zong,6.6,2,4.99,18.19,1.937,0
plush-yellow-leopard,Plush,yellow leopard,sh23,GX27-huang,6.6,2,4.99,18.19,1.937,0
plush-pink-leopard,Plush,pink leopard,sh23,GX27-fen,6.6,2,4.99,18.19,1.937,0
charm-green,Charm,green,sh23,FX57-lv,2.9,2,2.19,7.99,0.851,0
charm-red,Charm,red,sh23,FX57-red,2.9,2,2.19,7.99,0.851,0
plush-pink-brown,Plush,pink brown,sh23,GX30-pink,9.8,2,7.41,27.01,2.877,0
plush-yellow-sh23,Plush,yellow,sh23,GX30-huang,9.8,2,7.41,27.01,2.877,0
plush-brown,Plush,brown,sh23,GX30-ka,9.8,2,7.41,27.01,2.877,0
plush-blue,Plush,blue,sh23,GX30-lan,9.8,2,7.41,27.01,2.877,0
plush-pink,Plush,pink,sh23,GX30-fen,9.8,2,7.41,27.01,2.877,0
plush-brown-2,Plush,brown,sh23,SQ26-zong,10.5,5,19.85,72.35,3.082,0
plush-pink-2,Plush,pink,sh23,SQ26-fen,10.5,10,39.71,144.71,3.082,0
plush-red,Plush,red,sh23,SQ26-rose,10.5,5,19.85,72.35,3.082,0
pouch-bow-blue,Pouch,bow blue,sh23,LM10-xiao,5.5,3,6.24,22.74,1.615,0
pouch-bow-pink,Pouch,bow pink,sh23,LM09-xiao,5.5,3,6.24,22.74,1.615,0
makeup-bag-white,Makeup Bag,white,sh23,LM78-bai,6.6,3,7.49,27.29,1.938,0
makeup-bag-pink,Makeup Bag,pink,sh23,LM78-fen,6.6,3,7.49,27.29,1.938,0
plush-sh23-01,Plush,企鹅,sh23,FX41-qie,2.65,2,2.00,7.30,0.777,1
makeup-bag-green,Makeup Bag,green,sh23,GX26-lv,6.8,3,7.71,28.11,1.996,0
makeup-bag-pink-2,Makeup Bag,pink,sh23,GX26-fen,6.8,3,7.71,28.11,1.996,0
pencil-case-green,Pencil Case,green,sh23,GX31-lv,6.3,2,4.76,17.36,1.849,0
pencil-case-white,Pencil Case,white,sh23,GX31-bai,6.3,2,4.76,17.36,1.849,0
pencil-case-pink,Pencil Case,pink,sh23,GX31-fen,6.3,2,4.76,17.36,1.849,0
pencil-case-yellow,Pencil Case,"yellow, 无规格",sh23,LM23-huang,5.5,2,4.16,15.16,1.615,0
pencil-case-pink-2,Pencil Case,"pink, 无规格",sh23,LM23-fen,5.5,2,4.16,15.16,1.615,0
pencil-case-blue,Pencil Case,"blue, 无规格",sh23,LM23-lan,5.5,2,4.16,15.16,1.615,0
makeup-bag-heart-pink-flower,Makeup Bag,heart pink flower,sh23,SQ18-fen,6.6,3,7.49,27.29,1.938,0
makeup-bag-bow-star-black-pink,Makeup Bag,bow star black pink,sh23,SQ18-hei,6.6,3,7.49,27.29,1.938,0
makeup-bag-heart-blue,Makeup Bag,heart blue,sh23,SQ18-lan,6.6,3,7.49,27.29,1.938,0
makeup-bag-blue-pink-flower,Makeup Bag,blue pink flower,sh23,SQ18-hua,6.6,3,7.49,27.29,1.938,0
plush-pink-brown-2,Plush,pink brown,sh23,GX21-qian,7.4,2,5.60,20.40,2.173,0
plush-brown-3,Plush,brown,sh23,GX21-zong,7.4,2,5.60,20.40,2.173,0
plush-pink-3,Plush,pink,sh23,GX21-fen,7.4,2,5.60,20.40,2.173,0
plush-purple,Plush,purple,sh23,GX21-zi,7.4,2,5.60,20.40,2.173,0
plush-blue-2,Plush,blue,sh23,GX21-lan,7.4,2,5.60,20.40,2.173,0
makeup-bag-red-checker,Makeup Bag,red checker,sh23,FK03-red,6.6,2,4.99,18.19,1.937,0
makeup-bag-blue-checker,Makeup Bag,blue checker,sh23,FK03-lan,6.6,2,4.99,18.19,1.937,0
makeup-bag-pink-checker,Makeup Bag,pink checker,sh23,FK03-fen,6.6,2,4.99,18.19,1.937,0
makeup-bag-yellow-checker,Makeup Bag,yellow checker,sh23,FK03-huang,6.6,2,4.99,18.19,1.937,0
pencil-case-white-2,Pencil Case,white,sh23,TY69-bai,7.9,2,5.97,21.77,2.319,0
pencil-case-pink-3,Pencil Case,pink,sh23,TY69-fen,7.9,2,5.97,21.77,2.319,0
pencil-case-black,Pencil Case,black,sh23,TY69-hei,7.9,2,5.97,21.77,2.319,0
plush-blue-3,Plush,blue,sh23,XB21-lan,6,3,6.81,24.81,1.762,0
plush-white,Plush,white,sh23,XB21-bai,6,3,6.81,24.81,1.762,0
pouch-white-small,Pouch,white small,sh23,GX13-bai,6.7,3,7.60,27.70,1.967,0
pouch-pink-small,Pouch,pink small,sh23,GX13-fen,6.7,3,7.60,27.70,1.967,0
bag-green,Bag,green,sh23,SQ21-lv,6.6,2,4.99,18.19,1.937,0
bag-pink,Bag,pink,sh23,SQ21-fen,6.6,2,4.99,18.19,1.937,0
notebook-cat-103-43-1,Notebook,cat 103 43 1,sh24,103,1.35,4,2.04,7.44,0.396,1
notebook-sh24-01,Notebook,103-53开心萌宠分类线圈 pcs *1 pcs,sh24,103,1.35,4,2.04,7.44,0.396,1
journal-sh24-01,Journal,6427凯蒂喵线圈 pcs (单 pcs 价，24 pcs 下单有 box 子）,sh24,6427,1.45,4,2.19,7.99,0.425,1
journal-sh24-02,Journal,6410仔仔魔术扣线圈 pcs (单 pcs 价，24 pcs 下单有 box 子）,sh24,6410,1.45,4,2.19,7.99,0.425,1
notebook-dog-a7,Notebook,dog a7,sh24,小帕A7本,0.85,8,2.57,9.37,0.249,1
notebook-dog-1113-1-1,Notebook,dog 1113 1 1,sh24,100K线圈本,1.65,4,2.50,9.10,0.485,1
notebook-sh24-02,Notebook,1015-21丽鸥烫金隔页线圈 pcs *1 pcs,sh24,100K线圈本,1.65,4,2.50,9.10,0.485,1
notebook-sh24-03,Notebook,1136-1百变萌宠烫金隔页线圈 pcs *1 pcs,sh24,100K线圈本,1.65,4,2.50,9.10,0.485,1
pen-fc31-x,Pen,"fc31 x, 20*20cm内框+背板+颜料+画笔",sh25,M-001,3.5,2,2.65,9.65,1.028,0
pen-m169,Pen,"m169, 20*20cm内框+背板+颜料+画笔",sh25,M-001,3.5,2,2.65,9.65,1.028,0
pen-fc55,Pen,"fc55, 20*20cm内框+背板+颜料+画笔",sh25,M-001,3.5,2,2.65,9.65,1.028,0
pen-la367,Pen,"la367, 20*20cm内框+背板+颜料+画笔",sh25,M-001,3.5,2,2.65,9.65,1.028,0
pen-dr9,Pen,"dr9, 20*20cm内框+背板+颜料+画笔",sh25,M-001,3.5,2,2.65,9.65,1.028,0
pen-la546,Pen,"la546, 20*20cm内框+背板+颜料+画笔",sh25,M-001,3.5,2,2.65,9.65,1.028,0
pen-la388,Pen,"la388, 20*20cm内框+背板+颜料+画笔",sh25,M-001,3.5,2,2.65,9.65,1.028,0
pen-m599,Pen,"m599, 20*20cm内框+背板+颜料+画笔",sh25,M-001,3.5,2,2.65,9.65,1.028,0
pen-la387,Pen,"la387, 20*20cm内框+背板+颜料+画笔",sh25,M-001,3.5,2,2.65,9.65,1.028,0
pen-fc786,Pen,"fc786, 20*20cm内框+背板+颜料+画笔",sh25,M-001,3.5,2,2.65,9.65,1.028,0
pen-dr4,Pen,"dr4, 20*20cm内框+背板+颜料+画笔",sh25,M-001,3.5,2,2.65,9.65,1.028,0
pen-dr1,Pen,"dr1, 20*20cm内框+背板+颜料+画笔",sh25,M-001,3.5,2,2.65,9.65,1.028,0
pen-fc152,Pen,"fc152, 20*20cm内框+背板+颜料+画笔",sh25,M-001,3.5,2,2.65,9.65,1.028,0
pen-la375,Pen,"la375, 20*20cm内框+背板+颜料+画笔",sh25,M-001,3.5,2,2.65,9.65,1.028,0
pen-dr10,Pen,"dr10, 20*20cm内框+背板+颜料+画笔",sh25,M-001,3.5,2,2.65,9.65,1.028,0
pen-fc150,Pen,"fc150, 20*20cm内框+背板+颜料+画笔",sh25,M-001,3.5,2,2.65,9.65,1.028,0
pen-fc151,Pen,"fc151, 20*20cm内框+背板+颜料+画笔",sh25,M-001,3.5,2,2.65,9.65,1.028,0
pen-yl004,Pen,"yl004, 20*20cm背板+颜料+画笔",sh25,其他,3.5,2,2.65,9.65,1.028,0
pen-dr102,Pen,"dr102, 20*20cm背板+颜料+画笔",sh25,其他,3.5,2,2.65,9.65,1.028,0
pen-fc728,Pen,"fc728, 20*20cm背板+颜料+画笔",sh25,其他,3.5,2,2.65,9.65,1.028,0
pen-fc729,Pen,"fc729, 20*20cm背板+颜料+画笔",sh25,其他,3.5,2,2.65,9.65,1.028,0
pen-la233,Pen,"la233, 20*20cm背板+颜料+画笔",sh25,其他,3.5,2,2.65,9.65,1.028,0
pen-fc731,Pen,"fc731, 20*20cm背板+颜料+画笔",sh25,其他,3.5,2,2.65,9.65,1.028,0
pen-fc726,Pen,"fc726, 20*20cm背板+颜料+画笔",sh25,其他,3.5,2,2.65,9.65,1.028,0
pen-fc563,Pen,"fc563, 20*20cm背板+颜料+画笔",sh25,其他,3.5,2,2.65,9.65,1.028,0
misc-butterfly-pink-pink-white,Misc,"butterfly pink pink white, 大号25*16*16cm",sh26,01-12-25,12.7,2,9.60,35.00,3.728,1
misc-sh26-01,Misc,"小小花, 大号25*16*16cm",sh26,01-12-25,12.7,2,9.60,35.00,3.728,1
misc-sh26-02,Misc,"小樱桃, 大号25*16*16cm",sh26,01-12-25,12.7,2,9.60,35.00,3.728,1
misc-butterfly-blue,Misc,"butterfly blue, 大号25*16*16cm",sh26,01-12-25,12.7,2,9.60,35.00,3.728,0
misc-pink,Misc,"pink, 中号26*7*18cm",sh26,01-12-25,9,2,6.81,24.81,2.642,0
sticker-sh27-01,Sticker,星际小王子系列随机,sh27,Y868-01,0.9,100,34.03,124.03,0.264,1
